course_code,section_no,room
AVM100,A,FEAS_AB2.103
AVM102,A,FEAS_AB2.115
AVM301,A,FEAS_AB2.102
AVM303,A,FEAS_AB2.G01
AVM304,A,LF_AB3.332
AVM315,A,FEAS_AB2.B42
AVM401,A,LF_AB3.347
AVM402,A,FEAS_AB2.114
AVM402,ERS,
AVM404,A,FEAS_AB2.113
AVM406,A,FEAS_AB2.101
AVM408,A,FEAS_AB2.102
AVM410,A,
PLT104,A,FEAS_AB2.112
PLT109,A,FEAS_AB2.112
PLT110,A,FEAS_AB2.B45
PLT111,A,LF_AB3.330
PLT201,A,FEAS_AB2.G27
PLT201,B,FEAS_AB2.G28
PLT202,A,
PLT203,A,FEAS_AB2.G27
PLT204,A,
PLT205,A,FEAS_AB2.G27
PLT206,A,
PLT207,A,FEAS_AB2.G27
PLT207,B,FEAS_AB2.G28
PLT208,A,
PLT209,A,FEAS_AB2.G27
PLT209,B,FEAS_AB2.G28
PLT210,A,
PLT211,A,FEAS_AB2.G27
PLT211,B,FEAS_AB2.G28
PLT213,A,FEAS_AB2.G27
PLT213,B,FEAS_AB2.G28
PLT215,A,FEAS_AB2.G27
PLT215,B,FEAS_AB2.G28
PLT217,A,FEAS_AB2.G27
AVM307,A,FEAS_AB2.101
AVM405,A,FEAS_AB2.101
PLT203,B,FEAS_AB2.G28
PLT205,B,FEAS_AB2.G28
PLT217,B,FEAS_AB2.G28
PLT221,A,SCOLA.322
PLT301,A,FEAS_AB2.127
PLT303,A,FEAS_AB2.127
PLT303,B,FEAS_AB2.126
PLT305,A,FEAS_AB2.127
PLT305,B,FEAS_AB2.126
PLT307,A,FEAS_AB2.127
PLT307,B,FEAS_AB2.126
PLT309,A,FEAS_AB2.127
PLT309,B,FEAS_AB2.126
PLT311,A,FEAS_AB2.127
PLT311,B,FEAS_AB2.126
PLT313,A,FEAS_AB2.127
PLT318,A,
PLT401,A,
PLT402,A,
PLT403,A,
PLT404,A,
PLT405,A,
PLT406,A,FEAS_AB2.G14
PLT412,A,FEAS_AB2.G13
PLT301,B,FEAS_AB2.126
PLT313,B,FEAS_AB2.126
PLT411,A,
HUK105,A,LF_AB3.136
HUK106,A,LF_AB3.338
HUK107,A,LF_AB3.236
HUK131,A,LF_AB3.332
HUK132,A,LF_AB3.331
HUK134,A,LF_AB3.333
HUK137,A,LF_AB3.330
HUK201,A,LF_AB3.236
HUK201,B,LF_AB3.134
HUK202,A,LF_AB3.134
HUK203,B,LF_AB3.136;LF_AB3.134
HUK205,B,LF_AB3.237
HUK215,A,LF_AB3.134
HUK215,B,LF_AB3.133
HUK217,A,LF_AB3.136
HUK217,B,LF_AB3.135
HUK218,A,LF_AB3.235
HUK221,A,LF_AB3.332
HUK230,A,LF_AB3.330
HUK238,A,LF_AB3.331
HUK245,A,LF_AB3.240
HUK306,A,LF_AB3.338;LF_AB3.332
HUK307,A,LF_AB3.134
HUK307,B,LF_AB3.238
HUK309,A,LF_AB3.133
HUK310,A,LF_AB3.135
HUK313,B,LF_AB3.134
HUK328,A,LF_AB3.333
HUK331,A,LF_AB3.241
HUK352,A,LF_AB3.331
HUK357,A,LF_AB3.238
HUK357,B,LF_AB3.135
HUK359,A,LF_AB3.338
HUK363,A,LF_AB3.241
HUK365,A,LF_AB3.331
HUK376,A,LF_AB3.240
HUK394,A,LF_AB3.136
HUK401,B,LF_AB3.133
HUK402,A,LF_AB3.235
HUK403,A,LF_AB3.134
HUK409,B,LF_AB3.237
HUK416,B,LF_AB3.235
HUK418,A,LF_AB3.133
HUK422,A,LF_AB3.332
HUK431,A,LF_AB3.241
HUK433,A,LF_AB3.330
LAW448,A,SCOLA.128
HUK203,A,LF_AB3.135
HUK205,A,LF_AB3.237
HUK206,A,LF_AB3.235
HUK218,B,LF_AB3.237
HUK241,A,LF_AB3.333
HUK268,A,LF_AB3.240
HUK309,B,LF_AB3.134
HUK313,A,LF_AB3.235
HUK334,A,LF_AB3.241
HUK353,A,LF_AB3.331
HUK379,A,LF_AB3.331
HUK401,A,LF_AB3.238
HUK409,A,LF_AB3.235
HUK416,A,LF_AB3.236
HUK418,B,LF_AB3.238
HUK430,A,LF_AB3.241
HUK435,A,LF_AB3.240
ACCT201,A,LF_AB3.133
ACCT201,B,LF_AB3.238
ACCT201,C,LF_AB3.135
ACCT301,A,FEAS_AB2.G02
ACCT301,B,FEAS_AB2.G13
BUS100,A,LF_AB3.133;LF_AB3.150
BUS100,B,LF_AB3.133;LF_AB3.150
BUS101,A,LF_AB3.150
BUS101L,A,EF_AB1.509
BUS101L,C,FEAS_AB2.102
BUS101L,D,FEAS_AB2.101
BUS101L,E,FEAS_AB2.102
BUS101L,F,FEAS_AB2.101
BUS101L,G,FEAS_AB2.103
BUS102,A,EF_AB1.410
BUS102,B,EF_AB1.410
BUS102L,A,EF_AB1.410
BUS102L,B,EF_AB1.410
BUS190,A,FEAS_AB2.G01
BUS190,C,FEAS_AB2.G01
BUS190,D,FEAS_AB2.G02
BUS190,E,FEAS_AB2.G02
BUS190,F,FEAS_AB2.G02
BUS199,A,LF_AB3.347
BUS200,A,SCOLA.127
BUS200,B,LF_AB3.348
BUS200,C,SCOLA.126
BUS201,A,SCOLA.323
BUS301,A,SCOLA.323
BUS311,A,
BUS312,A,
ECON101,A,LF_AB3.238
ECON101,C,LF_AB3.237
ECON101,D,LF_AB3.135
ECON101,E,LF_AB3.238
ECON101,F,LF_AB3.338
ECON101,G,LF_AB3.235
ECON102,A,LF_AB3.238
ECON102,B,LF_AB3.136
ECON102,C,LF_AB3.236
ECON201,A,LF_AB3.347
ECON202,A,LF_AB3.348
ECON210,A,LF_AB3.237
ECON210,C,SCOLA.326
ECON301,A,LF_AB3.348
ECON302,A,LF_AB3.348
ECON309,A,SCOLA.322
ECON403,A,
ECON420,A,FEAS_AB2.114
ECON421,A,FEAS_AB2.110
ENTR201,A,LF_AB3.348
ENTR303,A,FEAS_AB2.110
ENTR305,A,FEAS_AB2.G14
ENTR308,A,FEAS_AB2.B43A
ENTR405,A,
ENTR407,A,FEAS_AB2.112
ENTR408,A,EF_AB1.233
ENTR412,A,EF_AB1.511
FIN202,A,SCOLA.326
FIN202,B,LF_AB3.348
FIN204,A,FEAS_AB2.G02
FIN301,A,FEAS_AB2.103
FIN301,B,FEAS_AB2.G01
FIN302,A,SCOLA.323
FIN401,A,FEAS_AB2.129
FIN403,A,
FIN404,A,LF_AB3.338
FIN411,A,FEAS_AB2.115
FIN416,A,FEAS_AB2.115
FIN419,A,SCOLA.129
FIN421,A,FEAS_AB2.G12
IBUS203,A,SCOLA.229
IBUS301,A,LF_AB3.240
IBUS303,A,SCOLA.126
IBUS305,A,SCOLA.229
IBUS306,A,FEAS_AB2.129
IBUS307,A,LF_AB3.134
IBUS309,A,FEAS_AB2.G03
IBUS402,A,FEAS_AB2.110
IBUS403,A,LF_AB3.347
IBUS404,A,SCOLA.127
IBUS405,A,
IBUS406,A,LF_AB3.235
IBUS407,A,LF_AB3.331
IBUS409,A,EF_AB1.510
IBUS411,A,FEAS_AB2.G14
MGMT202,A,SCOLA.229
MGMT202,B,LF_AB3.133
MGMT311,A,FEAS_AB2.110
MGMT312,A,LF_AB3.330
MGMT401,A,LF_AB3.136
MGMT401,B,SCOLA.326
MGMT402,A,FEAS_AB2.G01
MGMT405,A,
MIS100,A,LF_AB3.238
MIS203,A,FEAS_AB2.129
MIS206,A,LF_AB3.333
MIS305,A,LF_AB3.136
MIS309,A,FEAS_AB2.114
MIS311,A,LF_AB3.235
MIS311,B,LF_AB3.235
MIS403,A,
MKTG201,A,SCOLA.323
MKTG201,C,SCOLA.322
MKTG201,D,FEAS_AB2.116
MKTG201,E,SCOLA.230
MKTG313,A,LF_AB3.240
MKTG314,A,LF_AB3.241
MKTG322,A,FEAS_AB2.G10
MKTG403,A,
MKTG412,A,EF_AB1.408
OPER202,B,SCOLA.326
OPER202,C,LF_AB3.136
OPER312,A,EF_AB1.510
OPER313,A,FEAS_AB2.G10
OPER318,A,SCOLA.229
OPER403,A,
BUS101L,B,FEAS_AB2.102
BUS190,B,FEAS_AB2.G01
BUS201,B,SCOLA.322
BUS301,B,EF_AB1.414
ECON101,B,LF_AB3.236
ECON210,B,SCOLA.322
ECON307,A,EF_AB1.509
ECON310,A,EF_AB1.407
IBUS104,A,SCOLA.126
IBUS204,A,LF_AB3.236
IBUS308,A,LF_AB3.348
MGMT314,A,EF_AB1.232
MIS103,A,LF_AB3.236
MIS301,A,EF_AB1.232
MKTG201,B,FEAS_AB2.B43A
MKTG315,A,LF_AB3.348
MKTG325,A,FEAS_AB2.103
OPER202,A,SCOLA.127;LF_AB3.134
ARCH101,A,AF_AB4.B233
ARCH101,B,AF_AB4.B233
ARCH101,C,AF_AB4.B233
ARCH101,D,AF_AB4.B233
ARCH101,E,AF_AB4.B233
ARCH102,A,AF_AB4.B314
ARCH105,A,FEAS_AB2.G30
ARCH107,A,AF_AB4.B233
ARCH107,B,AF_AB4.B233
ARCH107,C,AF_AB4.B126
ARCH107,D,AF_AB4.B126
ARCH110,A,AF_AB4.B226
ARCH110,C,AF_AB4.B313B
ARCH201,A,AF_AB4.B314
ARCH201,C,AF_AB4.B314
ARCH201,D,AF_AB4.B314
ARCH201,E,AF_AB4.B314
ARCH202,A,AF_AB4.B125
ARCH205,A,AF_AB4.124
ARCH205,B,AF_AB4.123;AF_AB4.B226
ARCH207,A,AF_AB4.124
ARCH207,B,AF_AB4.B313A
ARCH209,A,FEAS_AB2.G02
ARCH209,B,FEAS_AB2.102
ARCH209,C,FEAS_AB2.G01
ARCH210,A,FEAS_AB2.103
ARCH212,A,AF_AB4.B230
ARCH212,B,FEAS_AB2.G14
ARCH212,C,AF_AB4.B313A
ARCH301,A,AF_AB4.B314
ARCH301,B,AF_AB4.B314
ARCH301,C,AF_AB4.B314
ARCH301,D,AF_AB4.B314
ARCH301,E,AF_AB4.B314
ARCH301,F,AF_AB4.B314
ARCH302,A,AF_AB4.227
ARCH303,A,AF_AB4.B313B
ARCH303,C,AF_AB4.B314
ARCH305,A,LF_AB3.237;AF_AB4.227
ARCH305,B,LF_AB3.237;AF_AB4.227
ARCH305,C,LF_AB3.237;AF_AB4.227
ARCH401,A,AF_AB4.227
ARCH401,B,AF_AB4.227
ARCH401,C,AF_AB4.227
ARCH401,D,AF_AB4.227
ARCH401,E,AF_AB4.227
ARCH402,A,
ARCH402,B,
ARCH403,A,AF_AB4.B228
ARCH403,B,FEAS_AB2.112
ARCH403,C,AF_AB4.B313B
ARCH420,A,
ARCH434,A,AF_AB4.B228
ARCH438,A,AF_AB4.B313A
ARCH439,A,FEAS_AB2.116
ARCH445,A,FEAS_AB2.102
ARCH446,A,AF_AB4.B228
ARCH451,A,AF_AB4.B313A
ARCH460,A,AF_AB4.B126
ARCH467,A,AF_AB4.B126
ARCH468,A,AF_AB4.B318
ARCH469,A,AF_AB4.B127
ARCH470,A,AF_AB4.B313B
ARCH472,A,AF_AB4.B318
ARCH476,A,
COD101,A,AF_AB4.B318
COD102,A,AF_AB4.123;AF_AB4.124
COD103,A,AF_AB4.B317
COD103,B,AF_AB4.B317
COD200,A,
COD201,A,AF_AB4.123
COD201,B,AF_AB4.123
COD202,A,AF_AB4.123
COD203,A,AF_AB4.B318
COD203,B,AF_AB4.B127
COD205,A,AF_AB4.123
COD206,A,AF_AB4.B127
COD207,A,AF_AB4.B317
COD207,B,AF_AB4.B317
COD209,A,AF_AB4.B317
COD209,B,AF_AB4.B317
COD300,A,
COD301,A,AF_AB4.B226
COD302,A,AF_AB4.B226
COD305,A,AF_AB4.B228
COD314,A,AF_AB4.B226
COD321,A,AF_AB4.B230
COD322,A,AF_AB4.B230
COD323,A,AF_AB4.B226
COD400,A,
COD401,A,AF_AB4.124
COD402,A,AF_AB4.124
COD404,A,FEAS_AB2.G11
COD414,A,AF_AB4.124
COD416,A,AF_AB4.B127
COD419,A,AF_AB4.B230
COD424,A,AF_AB4.B230
IDE100,A,
IDE101,A,AF_AB4.123
IDE101,B,AF_AB4.123
IDE101,C,AF_AB4.123;AF_AB4.124
IDE101,D,AF_AB4.123
IDE102,A,AF_AB4.123
IDE103,A,AF_AB4.123
IDE103,B,AF_AB4.123
IDE103,C,AF_AB4.123
IDE103,D,AF_AB4.123
IDE105,A,AF_AB4.B127
IDE106,A,AF_AB4.B611;AF_AB4.B612
IDE107,A,AF_AB4.B228
IDE110,A,FEAS_AB2.G01
IDE200,A,
IDE201,A,AF_AB4.123
IDE201,B,AF_AB4.123
IDE202,A,AF_AB4.123
IDE203,A,FEAS_AB2.B43B
IDE205,A,AF_AB4.124
IDE207,A,AF_AB4.B126
IDE209,A,FEAS_AB2.G12
IDE300,A,
IDE301,A,AF_AB4.123
IDE301,B,AF_AB4.123
IDE302,A,AF_AB4.123
IDE305,A,AF_AB4.B230
IDE311,A,LF_AB3.332
IDE311,B,FEAS_AB2.B44
IDE313,A,AF_AB4.B313A
IDE317,A,AF_AB4.B126
IDE332,A,FEAS_AB2.G13
IDE354,A,AF_AB4.B318
IDE401,A,AF_AB4.123
IDE402,A,AF_AB4.123
IDE403,A,AF_AB4.124
IDE424,A,AF_AB4.B228
IDE437,A,AF_AB4.123
IDE438,A,AF_AB4.123
IDE451,A,AF_AB4.B313A
INAR105,A,AF_AB4.B226
INAR200,A,
INAR201,A,AF_AB4.B125
INAR202,A,AF_AB4.B125
INAR206,A,AF_AB4.B228
INAR209,A,AF_AB4.B126
INAR300,A,
INAR301,A,AF_AB4.B125
INAR301,B,AF_AB4.B125
INAR302,A,AF_AB4.B125
INAR303,A,AF_AB4.B233
INAR303,B,FEAS_AB2.B42
INAR313,A,AF_AB4.B233
INAR315,A,AF_AB4.B228
INAR316,A,AF_AB4.B127
INAR319,A,FEAS_AB2.G12
INAR400,A,
INAR401,A,AF_AB4.B125
INAR401,B,AF_AB4.B125
INAR401,C,AF_AB4.B125
INAR402,A,AF_AB4.B125
INAR403,A,AF_AB4.B126
INAR405,A,AF_AB4.B226
INAR412,A,AF_AB4.B127
INAR422,A,AF_AB4.B125
MİM105,A,FEAS_AB2.G30
MİM107,A,AF_AB4.B233
MİM108,A,FEAS_AB2.113
MİM110,A,AF_AB4.B318
MİM201,A,AF_AB4.B125
MİM202,A,AF_AB4.B314
MİM205,A,FEAS_AB2.G11;FEAS_AB2.G10
MİM207,A,FEAS_AB2.B43B
MİM209,A,FEAS_AB2.G10
MİM212,A,AF_AB4.B313A
MİM301,A,AF_AB4.B314
MİM301,B,AF_AB4.B314
MİM301,C,AF_AB4.B314
MİM302,A,AF_AB4.227
MİM303,A,
MİM303,B,
MİM303,C,
MİM305,A,SCOLA.126;AF_AB4.227
MİM315,A,AF_AB4.B126
MİM317,A,FEAS_AB2.102
MİM318,A,
MİM322,A,AF_AB4.B127
MİM401,A,AF_AB4.227
MİM401,B,AF_AB4.227
MİM401,C,AF_AB4.227
MİM402,A,
MİM403,A,FEAS_AB2.G03
MİM431,A,FEAS_AB2.B42
MİM434,A,
MİM436,A,
MİM442,A,
MİM463,A,
ARCH110,B,AF_AB4.B230
ARCH201,B,AF_AB4.B314
ARCH303,B,AF_AB4.B230
INAR201,B,AF_AB4.B125
MİM305,B,SCOLA.126;AF_AB4.227
MİM325,A,FEAS_AB2.103
MİM420,A,
AI111,A,EF_AB1.407;EF_AB1.245
AI201,A,EF_AB1.245
AI300,A,
AI301,A,EF_AB1.232
AI303,A,EF_AB1.408
AI400,A,
AI425,A,EF_AB1.510
AIC390,A,EF_AB1.246
CE102,A,EF_AB1.509
CE112,A,EF_AB1.245
CE210,A,EF_AB1.245;EF_AB1.408
CE300,A,
CE301,A,EF_AB1.509
CE302L,A,EF_AB1.B14A
CE302L,C,EF_AB1.B14A
CE302L,D,EF_AB1.B14A
CE302L,E,EF_AB1.B14A
CE302L,F,EF_AB1.B14A
CE302L,G,EF_AB1.B14A
CE307,A,EF_AB1.511
CE400,A,
CE406,A,EF_AB1.231
CE411,A,EF_AB1.413
CE441,A,
CE489,A,EF_AB1.413
CEC397,A,EF_AB1.413
CHEM111,A,EF_AB1.225
CHEM111,B,EF_AB1.225
CHEM111L,A,EF_AB1.401
CHEM111L,C,EF_AB1.401
CHEM111L,D,EF_AB1.401
CHEM111L,E,EF_AB1.401
CHEM111L,F,EF_AB1.401
CHEM111L,G,EF_AB1.401
CHEM111L,H,EF_AB1.401
CS101,B,EF_AB1.233
CS101L,A,LF_AB3.342
CS101L,B,EF_AB1.239
CS101L,C,EF_AB1.418
CS102,A,EF_AB1.245
CS104,A,EF_AB1.410;EF_AB1.238
CS104L,B,EF_AB1.241
CS104L,C,EF_AB1.246
CS105,A,EF_AB1.509
CS112,A,EF_AB1.238
CS201,A,EF_AB1.407
CS201,B,EF_AB1.408
CS201L,A,EF_AB1.418
CS201L,B,EF_AB1.239
CS201L,C,LF_AB3.342
CS202,A,EF_AB1.246
CS240,A,SCOLA.326
CS240L,A,EF_AB1.407
CS240L,B,EF_AB1.407
CS300,A,
CS321,A,EF_AB1.238
CS350,A,EF_AB1.233
CS400,A,
CS401,A,
CS402,A,
CS413,A,EF_AB1.414
CS447,A,
CS466,A,EF_AB1.412
CS468,A,
CSC393,A,EF_AB1.408
CSC399,A,EF_AB1.231
EE101,A,EF_AB1.245
EE201,A,EF_AB1.231
EE202,A,EF_AB1.414
EE202L,A,EF_AB1.517
EE203,A,EF_AB1.237
EE203L,A,EF_AB1.517
EE203L,B,EF_AB1.517
EE203L,C,EF_AB1.517
EE204,A,LF_AB3.330;EF_AB1.408
EE300,A,
EE301,A,EF_AB1.509
EE301L,A,EF_AB1.517
EE301L,B,EF_AB1.517
EE301L,C,EF_AB1.517
EE303,A,EF_AB1.511
EE311,A,EF_AB1.413
EE321,A,EF_AB1.412
EE321L,A,EF_AB1.517
EE341,A,EF_AB1.510
EE341L,A,EF_AB1.240
EE341L,B,EF_AB1.240
EE341L,C,EF_AB1.240
EE400,A,
EE401,A,
EE402,A,
EE423,A,EF_AB1.414
EE444,A,EF_AB1.412
EE450,A,FEAS_AB2.101
EE462L,A,EF_AB1.413
EE493,A,EF_AB1.414
EE497,A,EF_AB1.413
EEC394,A,EF_AB1.414
EEC398,A,EF_AB1.412
FE301,A,EF_AB1.410
IE201,A,EF_AB1.231
IE201R,A,EF_AB1.509
IE203,A,EF_AB1.509
IE203R,A,EF_AB1.409
IE246,A,EF_AB1.241
IE246R,A,EF_AB1.233
IE300,A,
IE301,A,EF_AB1.233
IE301R,A,EF_AB1.510
IE302,A,EF_AB1.225
IE302R,A,EF_AB1.510
IE325,A,EF_AB1.233
IE325R,A,EF_AB1.409
IE342,A,EF_AB1.245
IE342R,A,EF_AB1.510
IE343,A,EF_AB1.233
IE352,A,EF_AB1.510
IE354,A,EF_AB1.509
IE362,A,EF_AB1.232
IE363,A,EF_AB1.233
IE366,A,EF_AB1.246
IE368,A,EF_AB1.233
IE383,A,LF_AB3.332
IE385,A,EF_AB1.246
IE400,A,
IE401,A,EF_AB1.231
IE401,C,EF_AB1.231
IE401,D,EF_AB1.231
IE401,E,EF_AB1.231
IE401,F,EF_AB1.231
IE401,G,EF_AB1.231
IE401,H,EF_AB1.231
IE402,A,EF_AB1.233
IE411,A,EF_AB1.409
IE440,A,EF_AB1.246
IEC391,A,EF_AB1.231
IEC399,A,EF_AB1.408
MATH101,A,SCOLA.322
MATH101,B,SCOLA.322
MATH101,C,SCOLA.323
MATH101,D,SCOLA.323
MATH101,E,SCOLA.126
MATH101,F,SCOLA.126
MATH101,G,SCOLA.229
MATH101,H,SCOLA.229
MATH101,I,SCOLA.127
MATH101,J,SCOLA.127
MATH101R,A,SCOLA.322
MATH101R,B,SCOLA.322
MATH101R,C,SCOLA.323
MATH101R,D,SCOLA.323
MATH101R,E,SCOLA.126
MATH101R,F,SCOLA.126
MATH101R,G,SCOLA.229
MATH101R,H,SCOLA.229
MATH101R,I,SCOLA.127
MATH101R,J,SCOLA.127
MATH102,A,EF_AB1.407
MATH102,B,EF_AB1.407
MATH102R,A,EF_AB1.407
MATH102R,B,EF_AB1.407
MATH103,A,EF_AB1.237
MATH103,C,EF_AB1.238
MATH103,D,EF_AB1.238
MATH103,E,EF_AB1.225
MATH103,F,EF_AB1.225
MATH103R,A,EF_AB1.225
MATH103R,B,EF_AB1.225
MATH103R,C,EF_AB1.237
MATH103R,D,EF_AB1.237
MATH103R,E,EF_AB1.238
MATH103R,F,EF_AB1.238
MATH104,A,EF_AB1.408
MATH104,B,EF_AB1.409
MATH104R,A,EF_AB1.408
MATH107,A,EF_AB1.241
MATH112,A,EF_AB1.237
MATH201,A,EF_AB1.408
MATH201,B,EF_AB1.238
MATH201,C,EF_AB1.246
MATH201R,A,EF_AB1.237
MATH201R,C,EF_AB1.237
MATH202,A,EF_AB1.232
MATH202R,A,EF_AB1.237
MATH202R,B,EF_AB1.238
MATH211,A,SCOLA.326
MATH211,B,EF_AB1.241
MATH211,C,SCOLA.326
MATH211R,A,SCOLA.326
MATH211R,C,EF_AB1.237
MATH212,A,EF_AB1.241
MATH215,A,EF_AB1.238
MATH216,A,EF_AB1.232
MATH216R,A,EF_AB1.245
MATH217,B,EF_AB1.246
ME202,A,EF_AB1.511
ME211,A,EF_AB1.225
ME300,A,
ME301,A,EF_AB1.409
ME301L,B,EF_AB1.B07
ME323,A,EF_AB1.232
ME334R,A,EF_AB1.509
ME401,A,FEAS_AB2.112
ME402,A,
ME406,A,EF_AB1.414
ME412,A,EF_AB1.231
ME413,A,EF_AB1.409;EF_AB1.413
ME419,A,EF_AB1.413;EF_AB1.418
MEC396,A,EF_AB1.245
PHYS101,A,EF_AB1.509
PHYS101,B,EF_AB1.509
PHYS101,C,EF_AB1.509
PHYS101,D,EF_AB1.510
PHYS101,E,EF_AB1.511
PHYS101,F,EF_AB1.510
PHYS101L,A,EF_AB1.G15
PHYS101L,B,EF_AB1.G24
PHYS101L,C,EF_AB1.G15
PHYS101L,D,EF_AB1.G24
PHYS101L,E,EF_AB1.G15
PHYS101L,F,EF_AB1.G24
PHYS101L,G,EF_AB1.G15
PHYS101L,H,EF_AB1.G24
PHYS101L,I,EF_AB1.G15
PHYS101L,J,EF_AB1.G24
PHYS101L,K,EF_AB1.G15
PHYS101L,L,EF_AB1.G24
PHYS101L,M,EF_AB1.G15
PHYS101L,N,EF_AB1.G24
PHYS101L,O,EF_AB1.G15
PHYS101L,P,EF_AB1.G24
PHYS101L,Q,EF_AB1.G15
PHYS101L,R,EF_AB1.G24
PHYS101L,S,EF_AB1.G15
PHYS101L,T,EF_AB1.G24
PHYS102,A,EF_AB1.409
PHYS102,B,EF_AB1.510
PHYS102,C,EF_AB1.511
PHYS102L,A,EF_AB1.G15
PHYS102L,B,EF_AB1.G24
PHYS102L,C,EF_AB1.G15
PHYS102L,D,EF_AB1.G24
PHYS102L,E,EF_AB1.G15
PHYS102L,F,EF_AB1.G24
PHYS102L,G,EF_AB1.G15
PHYS102L,H,EF_AB1.G24
PHYS102L,I,EF_AB1.G15
PHYS102L,J,EF_AB1.G24
PHYS102L,K,EF_AB1.G15
PHYS102L,L,EF_AB1.G24
PHYS325,A,EF_AB1.409;EF_AB1.231
CE302,A,EF_AB1.231
CE302L,B,EF_AB1.B14A
CE310,A,EF_AB1.412
CHEM111L,B,EF_AB1.401
CS423,A,EF_AB1.412
EE462,A,EF_AB1.511
MATH103,B,EF_AB1.237
MATH104R,B,EF_AB1.408
MATH107R,A,EF_AB1.225
MATH112,B,EF_AB1.241
MATH201R,B,EF_AB1.225
MATH211R,B,EF_AB1.241
MATH217,A,EF_AB1.511
ME111,A,EF_AB1.238
ME311,A,EF_AB1.409
ME334,A,EF_AB1.246;EF_AB1.511
ME400,A,
CS104L,A,EF_AB1.237
IE401,B,EF_AB1.231
MATH202,B,EF_AB1.245
MATH212,B,EF_AB1.241
MATH215R,A,EF_AB1.238
ME212,A,EF_AB1.233;EF_AB1.246
ME301L,A,EF_AB1.B07
SEC101,A,
SEC101,B,
SEC101,C,
SEC150,A,FEAS_AB2.102
SEC201,A,
SEC201L,A,
SEC201L,D,
SEC201L,C,
SEC203,A,
SEC203L,A,
SEC203L,B,
SEC203L,C,
SEC203L,D,
SEC280,A,
SEC302,A,LF_AB3.135
SEC303,A,FEAS_AB2.115
SEC304,A,FEAS_AB2.102
SEC385,A,FEAS_AB2.101
SEC401,A,FEAS_AB2.G10
SEC401,B,SCOLA.129
SEC401,C,SCOLA.128
SEC401,D,SCOLA.231
SEC401,E,FEAS_AB2.112
SEC401,F,FEAS_AB2.113
SEC401,G,FEAS_AB2.115
SEC401,H,SCOLA.231
SEC401,I,FEAS_AB2.B43A
SEC401,J,FEAS_AB2.113
SEC401,K,SCOLA.230
SEC401,L,FEAS_AB2.115
SEC401,M,FEAS_AB2.B45
SEC402,A,FEAS_AB2.114
TRL100,A,SCOLA.231
TRL100,C,SCOLA.322
TRL100,D,SCOLA.229
TRL100,E,SCOLA.126
TRL100,F,SCOLA.126
TRL100,G,SCOLA.323
TRL100,H,EF_AB1.238
TRL100,I,SCOLA.126
TRL100,K,SCOLA.229
TRL100,L,SCOLA.126
TRL100,M,SCOLA.126
TRL100,N,SCOLA.323
TRL100,O,EF_AB1.238
TRL100,P,SCOLA.126
TRL100,PA,
TRL100,PB,
TRL100,PC,
TRL100,PD,
TRL100,PE,
TRL100,PF,
TRL100,PG,
TRL100,PH,
TRL100,PI,
TRL100,PJ,
TRL100,Q,EF_AB1.408
TRL100,R,SCOLA.127
TRL109,A,FEAS_AB2.G10
TRL109,C,FEAS_AB2.B45
TRL109,PA,
TRL120,A,
TRL121,A,
TRL122,A,
TRL190,A,
TRL191,A,
TRL192,A,
SEC150,B,FEAS_AB2.112
SEC201L,B,
SEC302,B,EF_AB1.408
SEC404,A,FEAS_AB2.B46
TRL100,B,SCOLA.323
TRL100,J,SCOLA.322
TRL109,B,SCOLA.229
ANTH201,A,FEAS_AB2.116
ANTH203,A,FEAS_AB2.110
ANTH205,A,FEAS_AB2.101
ANTH301,A,
ANTH314,A,LF_AB3.240
ANTH319,A,SCOLA.129
ANTH320,A,
ART100,A,LF_AB3.141
ART101,A,LF_AB3.141
ART101,B,LF_AB3.141
ART102,A,LF_AB3.141
ART111,A,LF_AB3.141
BE101,A,
BE107,A,
HIST103,A,LF_AB3.332
HIST104,A,FEAS_AB2.116
HIST200,A,LF_AB3.237
HIST200,B,LF_AB3.235
HIST200,C,LF_AB3.133
HIST200,D,LF_AB3.133
HIST200,E,LF_AB3.236
HIST200,F,LF_AB3.136
HIST200,G,SCOLA.326
HIST200,H,SCOLA.229
HIST201,A,LF_AB3.136
HIST202,A,SCOLA.326
HIST202,B,LF_AB3.338
HIST202,C,SCOLA.326
HIST202,D,LF_AB3.134
HIST209,A,SCOLA.326
HIST303,A,EF_AB1.408
HIST304,A,EF_AB1.407
HUM201,A,
HUM309,A,FEAS_AB2.116
HUM319,A,SCOLA.128
HUM353,A,SCOLA.231
IR101,A,LF_AB3.136
IR201,A,LF_AB3.348
IR201R,A,FEAS_AB2.B42
IR201R,B,FEAS_AB2.B42
IR203,A,LF_AB3.238
IR301,A,EF_AB1.245
IR305,A,LF_AB3.235
IR315,A,LF_AB3.241
IR318,A,FEAS_AB2.G02
IR322,A,LF_AB3.331
IR390,A,
IR400,A,
IR401,A,FEAS_AB2.G03
IR411,A,FEAS_AB2.112
IR421,A,LF_AB3.338
IR423,A,FEAS_AB2.G14
IR424,A,FEAS_AB2.B43A
IR429,A,FEAS_AB2.B46
MUSIC103,A,LF_AB3.333
PE101,A,
PE101,B,
PE101,C,
PE101,D,
PE101,E,
PE102,A,
PE102,B,
PE102,C,
PE102,D,
PE104,A,
PE104,B,
PE105,A,
PE105,B,
PE105,C,
PE105,D,
PE106,A,
PE106,B,
PE107,A,
PE107,B,
PE107,C,
PE107,D,
PE107,E,
PE112,A,
PE112,B,
PE114,A,
PE114,B,
PE116,A,
PE116,B,
PE116,C,
PE116,D,
PE119,A,
PE120,A,
PE120,B,
PE120,C,
PE120,D,
PE121,A,
PE121,B,
PE123,A,
PE123,B,
PHIL102,A,SCOLA.229
PHIL210,A,SCOLA.322
PSY100,A,LF_AB3.338
PSY101,A,LF_AB3.236
PSY103,A,LF_AB3.134;LF_AB3.133
PSY103R,A,LF_AB3.133
PSY105,A,LF_AB3.237
PSY201,A,SCOLA.126
PSY203,A,LF_AB3.133
PSY205,A,LF_AB3.134
PSY207,A,LF_AB3.134
PSY300,B,
PSY300,C,
PSY300,D,
PSY300,E,
PSY301,A,LF_AB3.135
PSY303,A,LF_AB3.135
PSY305,A,LF_AB3.134
PSY321,A,LF_AB3.331
PSY325,A,FEAS_AB2.B43A
PSY400,A,
PSY404,A,LF_AB3.240
PSY406,A,SCOLA.231
PSY422,A,FEAS_AB2.114
PSY433,A,FEAS_AB2.114
PSY435,A,FEAS_AB2.114
SOC104,A,FEAS_AB2.113
SOC201,B,LF_AB3.347
TLL100,A,SCOLA.128
TLL100,B,FEAS_AB2.115
TLL100,C,LF_AB3.241
TLL100,D,SCOLA.127
TLL100,E,EF_AB1.246
TLL100,F,FEAS_AB2.113
TLL100,G,FEAS_AB2.G14
TLL100,H,FEAS_AB2.B46
TLL100,I,FEAS_AB2.115
TLL100,J,LF_AB3.348
TLL100,K,SCOLA.126
TLL101,A,EF_AB1.511
TLL102,A,FEAS_AB2.B43B
TLL102,B,LF_AB3.241
TLL102,C,FEAS_AB2.112
TLL102,D,SCOLA.323
TLL102,E,SCOLA.231
TLL102,F,FEAS_AB2.115
TLL102,G,SCOLA.231
TLL102,H,FEAS_AB2.114
TLL102,I,SCOLA.229
TLL102,K,EF_AB1.408
TLL102,L,FEAS_AB2.B43A
TLL102,M,FEAS_AB2.129
TLL102,N,SCOLA.231
TLL102,O,SCOLA.229
TLL102,P,EF_AB1.407
TLL102,Q,SCOLA.127
TLL102,R,FEAS_AB2.115
TLL102,S,SCOLA.323
TLL102,T,SCOLA.322
HIST104,B,FEAS_AB2.B43A
IR205,A,LF_AB3.237
IR303,A,LF_AB3.330
IR319,A,FEAS_AB2.G11
PHIL104,A,FEAS_AB2.102
PHIL220,A,SCOLA.322
PSY300,A,
PSY313,A,FEAS_AB2.101
PSY323,A,FEAS_AB2.B45
PSY405,A,LF_AB3.333
PSY490,A,
SOC201,A,SCOLA.323
SOC201,C,SCOLA.323
HIST309,A,SCOLA.322
HUM319,B,FEAS_AB2.114
HIST103,B,FEAS_AB2.116
GARM103,A,LF_AB3.236
GARM121,A,FEAS_AB2.113
GARM204,A,FEAS_AB2.101
GARM221,A,FEAS_AB2.B22;FEAS_AB2.B23
GARM221,B,FEAS_AB2.B22;FEAS_AB2.B19;FEAS_AB2.B23
GARM221,C,FEAS_AB2.B22;FEAS_AB2.B19
GARM221,D,FEAS_AB2.B22;FEAS_AB2.B19
GARM222,A,FEAS_AB2.B01_A
GARM223,A,FEAS_AB2.B31
GARM223,B,FEAS_AB2.B31
GARM224,A,FEAS_AB2.G02
GARM321,A,FEAS_AB2.B22;FEAS_AB2.B23
GARM321,C,FEAS_AB2.B22;FEAS_AB2.B21;FEAS_AB2.B23
GARM321,D,FEAS_AB2.B22;FEAS_AB2.B23
GARM322,A,FEAS_AB2.B01_A
GARM361,A,FEAS_AB2.B21;FEAS_AB2.113
GARM361,C,FEAS_AB2.113;FEAS_AB2.B21
GARM361,D,FEAS_AB2.113;FEAS_AB2.B21
GARM363,A,FEAS_AB2.B46
GARM423,A,FEAS_AB2.B01_A;FEAS_AB2.B01_B
GARM423,B,FEAS_AB2.B01_A;FEAS_AB2.B01_B
GARM473,A,
GARM479,A,FEAS_AB2.B01_B
GARM484,A,FEAS_AB2.115
GARM487,A,FEAS_AB2.G03
HMAN131,A,FEAS_AB2.G03
HMAN204,A,FEAS_AB2.113
HMAN331,A,FEAS_AB2.B43B
HMAN333,A,FEAS_AB2.G02
HMAN336,A,SCOLA.323
HMAN404,A,FEAS_AB2.115
HMAN466,A,FEAS_AB2.G02
SAS101,A,LF_AB3.347
SAS105,A,EF_AB1.407
SAS201,A,LF_AB3.347
SAS202,A,LF_AB3.347
SAS203,B,EF_AB1.232;FEAS_AB2.B01_B
SAS205,A,LF_AB3.136
SAS303,A,LF_AB3.347
SAS353,A,LF_AB3.333
SAS405,A,FEAS_AB2.B43B
SAS405_U,A,
SAS453,A,FEAS_AB2.G02
GARM321,B,FEAS_AB2.B22;FEAS_AB2.B23;FEAS_AB2.B21
GARM324,A,FEAS_AB2.G14
GARM361,B,FEAS_AB2.B23;FEAS_AB2.113
GARM421,A,FEAS_AB2.G01
GARM483,A,FEAS_AB2.G03
GARM486,A,FEAS_AB2.B31
HMAN132,A,FEAS_AB2.G13;EF_AB1.418
HMAN304,A,FEAS_AB2.116
HMAN369,A,SCOLA.B21
HMAN460,A,LF_AB3.332
SAS102,A,LF_AB3.347
SAS203,A,EF_AB1.232;FEAS_AB2.B01_B
SAS301,A,LF_AB3.348
SAS352,A,SCOLA.231
SAS404,A,
